758;"__Packages.External.CTracker"
759;"__Packages.CSound"
760;"__Packages.scidd.Math.CMath"
761;"__Packages.World.Init.CWorld_Init"
762;"__Packages.World.CWorld"
763;"__Packages.World.Map.CMap"
764;"__Packages.World.Map.CMap_Navigation"
765;"__Packages.World.Map.CMap_Collide"
766;"__Packages.Thing.Math.CThing_Position"
767;"__Packages.World.Map.CMap_Cell"
768;"__Packages.DrawPrimitive.CDrawPrimitive"
769;"__Packages.DrawPrimitive.CDrawPrimitive_Square"
770;"__Packages.Thing.Affect.CThing_Affect"
771;"__Packages.Thing.Math.CThing_Angle"
772;"__Packages.scidd.Math.CLine"
773;"__Packages.scidd.Math.CVector3"
774;"__Packages.CMain"
775;"__Packages.CInput"
776;"__Packages.scidd.CProfiler"
777;"__Packages.CSaveData"
778;"__Packages.Screen.CScreen_Collection"
779;"__Packages.Screen.CScreen_Transition"
780;"__Packages.DrawPrimitive.XSI.CDrawPrimitive_XSI"
781;"__Packages.DrawPrimitive.XSI.CDrawPrimitive_XSI_DI"
782;"__Packages.DrawPrimitive.XSI.CDrawPrimitive_XSI_StyleSheet"
783;"__Packages.DrawPrimitive.XSI.CDrawPrimitive_XSI_Animation"
784;"__Packages.DrawPrimitive.XSI.CDrawPrimitive_XSI_Collection"
785;"__Packages.Thing.CThing"
786;"__Packages.Thing.CThing_Collection"
787;"__Packages.Thing.Effect.CThing_Effect"
788;"__Packages.Thing.Effect.CThing_Effect_BloodPool"
789;"__Packages.Thing.Effect.CThing_Effect_BloodSplat"
790;"__Packages.DrawPrimitive.MovieClip.CDrawPrimitive_MovieClip"
791;"__Packages.DrawPrimitive.MovieClip.CDrawPrimitive_MovieClip_Directional"
792;"__Packages.Thing.Effect.CThing_Effect_BulletHit"
793;"__Packages.DrawPrimitive.MovieClip.CDrawPrimitive_MovieClip_Animation"
794;"__Packages.Thing.Effect.CThing_Effect_Explosion"
795;"__Packages.Thing.Shot.CThing_Shot"
796;"__Packages.Thing.Shot.CThing_Shot_ClusterShell"
797;"__Packages.DrawPrimitive.MovieClip.CDrawPrimitive_MovieClip_Static"
798;"__Packages.Thing.Affect.CThing_Affect_Explosion"
799;"__Packages.Thing.Effect.CThing_Effect_FireBall_Held"
800;"__Packages.Thing.Effect.CThing_Effect_MuzzleFlash"
801;"__Packages.Thing.Effect.CThing_Effect_RocketSmoke"
802;"__Packages.Thing.Effect.CThing_Effect_SmartBomb"
803;"__Packages.Thing.Effect.CThing_Effect_SmokeCloud"
804;"__Packages.Thing.Object.CThing_Object"
805;"__Packages.Thing.Object.CThing_Object_Barrel"
806;"__Packages.Thing.Object.CThing_Object_ChargePack"
807;"__Packages.Thing.Object.CThing_Object_LaserNode"
808;"__Packages.Thing.Object.CThing_Object_Mine"
809;"__Packages.Thing.Object.CThing_Object_Pickup"
810;"__Packages.Thing.Object.CThing_Object_Wall"
811;"__Packages.Thing.Object.CThing_Object_WallMovable"
812;"__Packages.Thing.Shot.CThing_Shot_Bullet"
813;"__Packages.Thing.Affect.CThing_Affect_Bullet"
814;"__Packages.DrawPrimitive.CDrawPrimitive_Line"
815;"__Packages.Thing.Shot.CThing_Shot_Devastator"
816;"__Packages.Thing.Shot.CThing_Shot_DLaser"
817;"__Packages.Thing.Shot.CThing_Shot_FireBall"
818;"__Packages.Thing.Affect.CThing_Affect_DevilAttack"
819;"__Packages.Thing.Affect.CThing_Affect_FireBall"
820;"__Packages.Thing.Shot.CThing_Shot_Grenade"
821;"__Packages.Thing.Shot.CThing_Shot_HomingMissile"
822;"__Packages.Thing.Shot.CThing_Shot_Laser"
823;"__Packages.Thing.Shot.CThing_Shot_Railgun"
824;"__Packages.Thing.Shot.CThing_Shot_Rocket"
825;"__Packages.Thing.Weapon.CThing_Weapon"
826;"__Packages.Thing.Weapon.CThing_Weapon_Pistol"
827;"__Packages.DrawPrimitive.MovieClip.CDrawPrimitive_MovieClip_OmniDirectional"
828;"__Packages.Thing.Math.CThing_Navigation"
829;"__Packages.Thing.Weapon.CThing_Weapon_UZI"
830;"__Packages.Thing.Weapon.CThing_Weapon_Shotgun"
831;"__Packages.Thing.Weapon.CThing_Weapon_Rocket"
832;"__Packages.Thing.Weapon.CThing_Weapon_Grenade"
833;"__Packages.Thing.Weapon.CThing_Weapon_Mine"
834;"__Packages.Thing.Weapon.CThing_Weapon_Railgun"
835;"__Packages.Thing.Weapon.CThing_Weapon_Devastator"
836;"__Packages.Thing.Weapon.CThing_Weapon_SmartBomb"
837;"__Packages.Thing.Weapon.CThing_Weapon_ChargePack"
838;"__Packages.Thing.Weapon.CThing_Weapon_FakeWall"
839;"__Packages.Thing.Weapon.CThing_Weapon_Barrel"
840;"__Packages.Thing.Creature.CThing_Creature"
841;"__Packages.World.Map.CMap_Mapwho"
842;"__Packages.Thing.Creature.CThing_Creature_Player"
843;"__Packages.Thing.Creature.CThing_Creature_Devil"
844;"__Packages.Thing.Creature.CThing_Creature_Zombie"
845;"__Packages.Thing.Affect.CThing_Affect_ZombieAttack"
846;"__Packages.System.CContextMenu"
847;"__Packages.Screen.CScreen"
848;"__Packages.Screen.CScreen_Debrief_Winner"
849;"__Packages.External.CHighscore_Submit"
850;"__Packages.World.Map.CMap_Affect"
851;"__Packages.World.Map.CMap_Decal"
852;"__Packages.World.Map.CMap_Math"
853;"__Packages.World.CHud"
854;"__Packages.World.CUpgrades"
855;"__Packages.scidd.Math.CRandom"
856;"__Packages.scidd.Draw.CColor"
857;"__Packages.World.Init.CWorld_Init_Piece"
858;"__Packages.World.Init.CWorld_Init_Player1"
859;"__Packages.World.Init.CWorld_Init_Zombie"
860;"__Packages.World.Init.CWorld_Init_Devil"
861;"__Packages.World.Init.CWorld_Init_Barrel"
862;"__Packages.World.Init.CWorld_Init_Pickup"
863;"__Packages.World.Init.CWorld_Init_Player2"
864;"__Packages.World.Init.CWorld_Init_Wall"
865;"__Packages.Screen.CScreen_Init"
866;"__Packages.Screen.CScreen_Intro"
867;"__Packages.Screen.CScreen_Main"
868;"__Packages.Screen.CScreen_SelectWorld"
869;"__Packages.Screen.CScreen_LoadingWorld"
870;"__Packages.Screen.CScreen_Debrief"
871;"__Packages.World.Init.CWorld_Init_CollisionSolid"
34;"HUD.Paused"
36;"Hud.Message"
45;"HUD.Player"
47;"Hud.Score"
54;"Hud.ScoreTotal"
64;"Hud_PlayerFrags"
74;"World_Init_CollisionSolid"
75;"Piece.WallPost"
79;"Piece.Wall1"
82;"World_Init_Player1"
85;"World_Init_Zombie"
88;"World_Init_Devil"
91;"World_Init_Barrel"
94;"World_Init_Pickup"
96;"World_Init_Player2"
99;"ROOM_Single_0001"
103;"Piece.Slab"
104;"ROOM_Single_0002"
109;"Piece.Wall2"
112;"World_Init_Wall"
113;"ROOM_Single_0003"
114;"ROOM_Single_0009"
115;"ROOM_Single_0010"
119;"Piece.Slab_Large"
120;"ROOM_Single_0011"
124;"Piece.Cube1"
125;"ROOM_Single_0012"
126;"ROOM_Single_0013"
127;"ROOM_Single_0014"
128;"ROOM_Single_0015"
132;"Piece.Column"
133;"ROOM_Single_0016"
134;"ROOM_Single_0017"
138;"Piece.FallenColumn1"
139;"ROOM_Single_0018"
143;"ROOM_Single_0004"
145;"ROOM_Single_0005"
149;"Piece.Column2"
150;"ROOM_Single_0006"
151;"ROOM_Single_0007"
152;"ROOM_Single_0008"
153;"World"
160;"Screen_Init"
195;"Screen_Intro"
253;"Screen_Main"
359;"Screen_SelectWorld"
361;"Screen_LoadingWorld"
376;"Screen_Debrief"
408;"Screen.SubmitHighScore"
496;"LevelIcons_Single"
523;"SubScreen_Single"
525;"SubScreen_Coop"
528;"SubScreen_DeathMatch"
537;"Screen_Debrief_Winner"
539;"Creature.HitFloor.wav"
540;"Creature.Player.Scream.1.wav"
541;"Creature.Player.Scream.2.wav"
542;"Creature.Zombie.Ambience.1.wav"
543;"Creature.Zombie.Ambience.2.wav"
544;"Creature.Zombie.Ambience.3.wav"
545;"Creature.Zombie.Ambience.4.wav"
546;"Creature.Zombie.Attack.wav"
547;"Creature.Zombie.Hit.wav"
548;"Effect.Explosion.wav"
549;"Object.Barrel.Place.wav"
550;"Object.Mine.Detonate.wav"
551;"Object.Pickup.wav"
552;"Shot.Grenade.Bounce.wav"
553;"Shot.HitWall.1.wav"
554;"Shot.HitWall.2.wav"
555;"Shot.HitWall.3.wav"
556;"Shot.Rocket.Fire.wav"
557;"Weapon.Mine.Place.wav"
558;"Weapon.Pistol.Fire.wav"
559;"Weapon.Railgun.Fire.wav"
560;"Weapon.Rocket.Fire.wav"
561;"Weapon.ShotGun.Fire.wav"
562;"Weapon.UZI.Fire.wav"
563;"World.End.wav"
564;"CLICK.wav"
568;"Effect.Explosion"
572;"Effect.BloodHitBack"
573;"Effect.Explosion_MidAir"
580;"Effect.RocketSmoke"
591;"Effect.FireBall"
594;"Effect.BloodPool"
600;"Effect.BloodSplat"
611;"Effect.BulletHit"
614;"Effect.ScorchMark"
616;"Effect.WallMark"
627;"Effect.SmokeCloud"
631;"Object.Barrel"
637;"Object.ChargePack"
642;"Object.Mine"
645;"Object.Pickup"
660;"Object.Wall"
662;"Shot.ClusterShell"
665;"Shot.Devastator"
667;"Shot.Grenade"
673;"Shot.Rocket"
678;"Pistol.MuzzleFlash"
681;"Railgun.MuzzleFlash"
684;"Shotgun.MuzzleFlash"
687;"UZI.MuzzleFlash"
690;"Zombie_Skin_Color"
692;"Zombie_Body_Back"
694;"Zombie_Body_Front"
696;"Zombie_Body_Side"
698;"Zombie_Body_Top"
699;"Zombie_Hair_Color"
701;"Swat_Body_Back"
703;"Swat_Body_Front"
705;"Swat_Body_Side"
707;"Swat_Body_Top"
709;"GIJOE_Body_Back"
710;"GIJOE_Body_Front"
711;"GIJOE_Body_Side"
712;"GIJOE_Body_Top"
714;"GIJOE_Skin_Color"
715;"Devil_Skin_Color"
716;"Devil_Body_Back"
717;"Devil_Body_Front"
718;"Devil_Body_Side"
719;"Devil_Body_Top"
720;"Bond_Body_Back"
722;"Bond_Body_Front"
723;"Bond_Body_Side"
725;"Bond_Body_Top"
726;"Bond_Skin_Color"
727;"Bambo_Skin_Color"
729;"Bambo_Body_Back"
731;"Bambo_Body_Front"
733;"Bambo_Body_Side"
735;"Bambo_Body_Top"
736;"Bambo_Head_Back"
738;"Bambo_Head_Front"
740;"Bambo_Head_Side"
742;"Body_Back_MC"
744;"Body_Front_MC"
746;"Body_Side_MC"
748;"Body_Top_MC"
749;"Head_Back_MC"
750;"Head_Front_MC"
751;"Head_Side_MC"
755;"TMP2639qh3hat"
757;"Main"
